4000082,Aceh Barat Daya Kab.,3.73958,96.85232
4000081,Aceh Barat Kab.,4.15064,96.13242
4000083,Aceh Besar Kab.,5.17041,95.69556
4000084,Aceh Jaya Kab.,5.04561,95.35703
4000085,Aceh Selatan Kab.,3.31803,97.2056
4000086,Aceh Singkil Kab.,2.28368,97.79916
4000087,Aceh Tamiang Kab.,4.2874,98.05862
4000088,Aceh Tengah Kab.,4.58882,96.81311
4000089,Aceh Tenggara Kab.,3.50826,97.80853
4000090,Aceh Timur Kab.,4.94757,97.77356
4000091,Aceh Utara Kab.,4.97863,97.22214
4000099,Banda Aceh Kota,5.54846,95.32441
4000092,Bener Meriah Kab.,4.70586,96.86101
4000093,Bireuen Kab.,5.22232,96.71727
4000094,Gayo Lues Kab.,4.00089,97.32335
4000100,Langsa Kota,4.4753,97.96348
4000101,Lhokseumawe Kota,5.18146,97.13304
4000095,Nagan Raya Kab.,4.17205,96.3233
4000097,Pidie Jaya Kab.,5.22618,96.24439
4000096,Pidie Kab.,5.37806,95.94203
4000102,Sabang Kota,5.88038,95.33688
4000098,Simeulue Kab.,2.46558,96.37679
4000103,Subulussalam Kota,2.71212,97.91571
4000219,Buleleng Kab.,-8.11958,115.09234
4000225,Denpasar Kota,-8.66046,115.21363
4000220,Gianyar Kab.,-8.53897,115.3223
4000221,Jembrana Kab.,-8.36117,114.62927
4000217,Kab. Badung,-8.61561,115.12964
4000218,Kab. Bangli,-8.48654,115.34841
4000222,Karangasem Kab.,-8.44708,115.60887
4000223,Klungkung Kab.,-8.5298,115.40498
4000224,Tabanan Kab.,-8.53948,115.13354
4000395,Bangka Barat Kab.,-2.05488,105.20359
4000396,Bangka Selatan Kab.,-3.01,106.47699
4000397,Bangka Tengah Kab.,-2.51835,106.41755
4000398,Belitung Kab.,-2.73844,107.63004
4000399,Belitung Timur Kab.,-2.88493,108.24123
4000394,Kab. Bangka,-1.88176,106.10408
4000400,Pangkal Pinang Kota,-2.13126,106.11641
4000077,Cilegon Kota,-6.00316,106.01069
4000073,Lebak Kab.,-6.6325,106.21103
4000498,Pandeglang Kab.,-6.32664,106.11657
4000075,Serang Kab.,-6.0831,106.12578
4000078,Serang Kota,-6.11048,106.16245
4000076,Tangerang Kab.,-6.25096,106.48475
4000079,Tangerang Kota,-6.20365,106.65827
4000080,Tangerang Selatan Kota,-6.28731,106.71346
4000393,Bengkulu Kota,-3.79314,102.26063
4000384,Bengkulu Selatan Kab.,-4.46158,102.91049
4000385,Bengkulu Tengah Kab.,-3.70071,102.40783
4000386,Bengkulu Utara Kab.,-3.44041,102.18324
4000387,Kaur Kab.,-4.51943,103.26978
4000388,Kepahiang Kab.,-3.6207,102.56306
4000389,Lebong Kab.,-3.11973,102.1978
4000390,Mukomuko Kab.,-2.54524,101.13292
4000391,Rejang Lebong Kab.,-3.46622,102.51656
4000392,Seluma Kab.,-4.0621,102.56379
4000349,Boalemo Kab.,0.5203,122.34452
4000350,Bone Bolango Kab.,0.55059,123.13981
4000351,Gorontalo Kab.,0.57121,122.80822
4000354,Gorontalo Kota,0.54446,123.0565
4000352,Gorontalo Utara Kab.,0.79654,122.87527
4000353,Pohuwato Kab.,0.46034,121.94776
4000028,Jakarta Barat,-6.16836,106.75211
4000029,Jakarta Pusat,-6.18641,106.83475
4000030,Jakarta Selatan,-6.2609,106.80105
4000031,Jakarta Timur,-6.22427,106.89608
4000032,Jakarta Utara,-6.13588,106.86559
4000027,Kepulauan Seribu,-5.80299,106.52328
4000168,Batang Hari Kab.,-1.62792,103.07331
4000169,Bungo Kab.,-1.63654,101.8849
4000177,Jambi Kota,-1.60117,103.61365
4000170,Kerinci Kab.,-1.83337,101.43209
4000171,Merangin Kab.,-2.17128,101.98708
4000172,Muaro Jambi Kab.,-1.46325,103.80161
4000173,Sarolangun Kab.,-2.26474,102.69068
4000178,Sungai Penuh Kota,-2.06362,101.41775
4000174,Tanjung Jabung Barat Kab.,-1.10081,103.07987
4000176,Tebo Kab.,-1.26337,102.34771
4000002,Bandung Barat Kab.,-6.90035,107.45291
4000001,Bandung Kab.,-6.99934,107.5569
4000018,Bandung Kota,-6.91776,107.62118
4000019,Banjar Kota,-7.3701,108.53466
4000003,Bekasi Kab.,-6.2194,107.13955
4000020,Bekasi Kota,-6.23947,106.97268
4000004,Bogor Kab.,-6.52253,107.02443
4000021,Bogor Kota,-6.59826,106.8015
4000005,Ciamis Kab.,-7.43022,108.51955
4000006,Cianjur Kab.,-7.07508,107.13068
4000022,Cimahi Kota,-6.8843,107.54147
4000007,Cirebon Kab.,-6.75315,108.5804
4000023,Cirebon Kota,-6.73179,108.55112
4000024,Depok Kota,-6.40183,106.79994
4000008,Garut Kab.,-7.38096,107.78136
4000009,Indramayu Kab.,-6.37552,108.32225
4000506,Kab. Pangandaran,-7.61506,108.49883
4000499,Karawang Kab.,-6.30496,107.31944
4000011,Kuningan Kab.,-6.98833,108.58938
4000012,Majalengka Kab.,-6.81339,108.21847
4000013,Purwakarta Kab.,-6.6444,107.42334
4000014,Subang Kab.,-6.48729,107.73396
4000015,Sukabumi Kab.,-6.92798,106.9283
4000025,Sukabumi Kota,-6.92764,106.92692
4000016,Sumedang Kab.,-6.77865,107.95617
4000017,Tasikmalaya Kab.,-7.41404,108.16959
4000026,Tasikmalaya Kota,-7.34976,108.22554
4000033,Banjarnegara Kab.,-7.35027,109.63115
4000034,Banyumas Kab.,-7.45857,109.16713
4000035,Batang Kab.,-7.03835,109.85745
4000036,Blora Kab.,-7.13764,111.3564
4000037,Boyolali Kab.,-7.52018,110.59421
4000038,Brebes Kab.,-7.05055,108.91461
4000039,Cilacap Kab.,-7.46182,108.80165
4000040,Demak Kab.,-6.94157,110.63325
4000041,Grobogan Kab.,-7.09842,110.88804
4000042,Jepara Kab.,-6.60515,110.79094
4000043,Karanganyar Kab.,-7.62043,110.97302
4000044,Kebumen Kab.,-7.64775,109.62077
4000045,Kendal Kab.,-7.0191,110.14196
4000046,Klaten Kab.,-7.68355,110.60799
4000047,Kudus Kab.,-6.80757,110.84187
4000048,Magelang Kab.,-7.4965,110.26169
4000062,Magelang Kota,-7.45706,110.20281
4000049,Pati Kab.,-6.70747,111.03118
4000050,Pekalongan Kab.,-7.04136,109.67283
4000063,Pekalongan Kota,-6.89697,109.66291
4000051,Pemalang Kab.,-7.01762,109.39315
4000052,Purbalingga Kab.,-7.3417,109.41997
4000053,Purworejo Kab.,-7.70933,109.97653
4000054,Rembang Kab.,-6.7681,111.47227
4000064,Salatiga Kota,-7.32485,110.51257
4000055,Semarang Kab.,-7.2874,110.46639
4000065,Semarang Kota,-7.00637,110.43773
4000056,Sragen Kab.,-7.37954,110.96549
4000057,Sukoharjo Kab.,-7.68391,110.82994
4000066,Surakarta Kota,-7.56712,110.82329
4000058,Tegal Kab.,-7.04462,109.11965
4000067,Tegal Kota,-6.85316,109.14194
4000059,Temanggung Kab.,-7.24019,110.13728
4000060,Wonogiri Kab.,-7.95868,111.04904
4000061,Wonosobo Kab.,-7.35855,109.90468
4000179,Bangkalan  Kab.,-7.03805,112.91403
4000180,Banyuwangi  Kab.,-8.16097,114.36686
4000208,Batu Kota,-7.8835,112.53329
4000181,Blitar Kab.,-8.10513,112.14434
4000209,Blitar Kota,-8.10535,112.14443
4000182,Bojonegoro Kab.,-7.15226,111.88695
4000183,Bondowoso Kab.,-7.91891,113.82138
4000184,Gresik Kab.,-7.16475,112.65568
4000185,Jember Kab.,-8.16953,113.70206
4000186,Jombang  Kab.,-7.57092,112.28253
4000187,Kediri  Kab.,-7.84718,112.02202
4000210,Kediri Kota,-7.84803,112.01722
4000188,Lamongan  Kab.,-7.11554,112.41522
4000189,Lumajang Kab.,-8.08996,113.14357
4000190,Madiun Kab.,-7.63091,111.52839
4000211,Madiun Kota,-7.63134,111.52985
4000191,Magetan Kab.,-7.64463,111.34861
4000192,Malang Kab.,-7.96708,112.63865
4000212,Malang Kota,-7.96691,112.63161
4000193,Mojokerto Kab.,-7.4933,112.44375
4000213,Mojokerto Kota,-7.47081,112.44129
4000194,Nganjuk Kab.,-7.60393,111.89836
4000195,Ngawi Kab.,-7.40263,111.42459
4000196,Pacitan Kab.,-8.18034,111.10477
4000197,Pamekasan Kab.,-7.15361,113.47453
4000198,Pasuruan Kab.,-7.64667,112.89943
4000214,Pasuruan Kota,-7.64659,112.89883
4000199,Ponorogo Kab.,-7.86668,111.46622
4000200,Probolinggo Kab.,-7.77588,113.20352
4000215,Probolinggo Kota,-7.77537,113.20644
4000201,Sampang Kab.,-7.18218,113.23518
4000202,Sidoarjo  Kab.,-7.44651,112.72489
4000203,Situbondo Kab.,-7.70737,113.98186
4000204,Sumenep Kab.,-7.01922,113.85047
4000216,Surabaya Kota,-7.2691,112.76472
4000205,Trenggalek Kab.,-8.04713,111.73008
4000206,Tuban Kab.,-6.86292,112.02079
4000207,Tulungagung Kab.,-8.04434,111.91109
4000267,Bengkayang Kab.,1.07016,109.66431
4000268,Kapuas Hulu Kab.,0.88089,112.92423
4000269,Kayong Utara Kab.,-0.92259,110.04497
4000270,Ketapang Kab.,-1.85785,109.97182
4000271,Kubu Raya Kab.,-0.53048,109.42205
4000272,Landak Kab.,0.38625,109.87679
4000273,Melawi Kab.,-0.38917,111.73085
4000279,Pontianak Kota,-0.02548,109.34202
4000275,Sambas Kab.,1.34833,109.30053
4000276,Sanggau Kab.,0.16235,110.50758
4000277,Sekadau Kab.,0.01667,110.88835
4000280,Singkawang Kota,0.90582,108.98746
4000278,Sintang Kab.,0.05202,111.49856
4000254,Balanngan Kab.,-2.31644,115.62861
4000255,Banjar Kab.,-3.3396,114.86536
4000265,Banjarbaru Kota,-3.45692,114.80864
4000266,Banjarmasin Kota,-3.31859,114.59267
4000256,Barito Kuala Kab.,-3.06896,114.66688
4000257,Hulu Sungai Selatan Kab.,-2.77531,115.26474
4000260,Kotabaru Kab.,-2.92463,115.97424
4000261,Tabalong Kab.,-2.24706,115.42749
4000262,Tanah Bumbu Kab.,-3.48224,115.94771
4000263,Tanah Laut Kab.,-3.77515,114.75853
4000264,Tapin  Kab.,-2.91075,115.00792
4000226,Barito Selatan Kab.,-1.72585,114.83763
4000227,Barito Timur Kab.,-2.01206,115.18993
4000228,Barito Utara Kab.,-0.96062,115.0915
4000229,Gunung Mas Kab.,-1.25324,113.56234
4000230,Kapuas Kab.,-2.96462,114.41593
4000231,Katingan Kab.,-1.87556,113.4243
4000232,Kotawaringin Barat Kab.,-2.72062,111.64833
1000000000002194,Kotawaringin Timur Kab.,-2.1225475,112.8105512
4000234,Lamandau Kab.,-1.92619,111.18442
4000235,Murung Raya Kab.,-0.63694,114.56811
4000239,Palangkaraya Kota,-2.21754,113.90201
4000236,Pulang Pisau Kab.,-2.757,114.26603
4000238,Seruyan Kab.,-3.37814,112.54908
4000237,Sukamara Kab.,-2.75918,111.18264
4000250,Balikpapan Kota,-1.23818,116.85461
4000240,Berau Kab.,2.14716,117.50054
4000251,Bontang Kota,0.12099,117.47703
4000507,Kab. Mahakam Ulu,0.96167,114.71429
4000242,Kutai Barat Kab.,-0.16591,115.625
4000243,Kutai Kartanegara Kab.,-0.4164,116.9893
4000244,Kutai Timur Kab.,0.52072,117.6033
4000247,Paser Kab.,-1.90556,116.19059
4000248,Penajam Paser Utara Kab.,-1.30874,116.72938
4000252,Samarinda Kota,-0.4946,117.14366
4000241,Bulungan Kab.,2.83668,117.40385
4000245,Malinau Kab.,3.64682,116.62566
4000246,Nunukan Kab.,4.12298,117.67346
4000249,Tana Tidung Kab.,3.55064,117.0766
4000253,Tarakan Kota,3.32739,117.57787
4000406,Batam Kota,1.0445,104.03387
4000401,Bintan Kab.,1.13835,104.42512
4000402,Karimun Kab.,0.99355,103.43115
4000403,Kepulauan Anambas Kab.,3.10572,105.65348
4000404,Lingga Kab.,-0.45356,104.42167
4000405,Natuna Kab.,3.90527,108.39048
4000407,Tanjung Pinang Kota,0.91852,104.46614
4000382,Bandar Lampung Kota,-5.39542,105.26765
4000508,Kab. Pesisir Barat,-5.29282,104.12337
4000370,Lampung Barat Kab.,-5.0677,104.17938
4000371,Lampung Selatan Kab.,-5.56831,105.54684
4000372,Lampung Tengah Kab.,-5.23693,104.96807
4000373,Lampung Timur Kab.,-5.11088,105.67999
4000374,Lampung Utara Kab.,-4.81385,104.75241
4000375,Mesuji Kab.,-3.98929,105.33571
4000383,Metro Kota,-5.11809,105.30741
4000376,Pesawaran Kab.,-5.37559,105.09063
4000377,Pringsewu Kab.,-5.36428,104.99217
4000378,Tanggamus Kab.,-5.31127,104.75538
4000380,Tulang Bawang Barat Kab.,-4.53145,105.07442
4000379,Tulang Bawang Kab.,-4.31766,105.50055
4000381,Way Kanan Kab.,-4.49384,104.56478
4000479,Ambon Kota,-3.65474,128.19063
4000480,Buru Kab.,-3.23306,127.08577
4000481,Buru Selatan Kab.,-3.72661,126.69918
4000482,Kepulauan Aru Kab.,-6.19506,134.53498
4000483,Maluku Barat Daya Kab.,-8.15148,127.79492
4000484,Maluku Tengah Kab.,-3.30621,128.96185
4000486,Maluku Tenggara Barat Kab.,-7.96732,131.31663
4000485,Maluku Tenggara Kab.,-5.64949,132.73989
4000487,Seram Bagian Barat Kab.,-2.85538,128.63777
4000488,Seram Bagian Timur Kab.,-3.42333,130.22712
4000500,Tual Kab.,-5.64019,132.74767
4000491,Halmahera Barat Kab.,0.78014,127.62406
4000492,Halmahera Selatan Kab.,-0.63683,127.48517
4000493,Halmahera Tengah Kab.,0.50054,128.18334
4000494,Halmahera Timur Kab.,0.68031,128.28651
4000495,Halmahera Utara Kab.,1.73184,127.98837
4000509,Kab. Pulau Taliabu,-1.82683,124.77408
4000496,Kepuluan Sula Kab.,-2.19982,125.88188
4000497,Pulau Morotai Kab.,2.36767,128.40303
4000489,Ternate Kota,0.79623,127.36163
4000490,Tidore Kepulauan Kota,0.50399,127.68209
4000431,Bima Kab.,-8.46167,118.74952
4000430,Bima Kota,-8.46459,118.74518
4000432,Dompu Kab.,-8.53955,118.46539
4000433,Lombok Barat Kab.,-8.68238,116.13723
4000434,Lombok Tengah Kab.,-8.66051,116.26002
4000435,Lombok Timur Kab.,-8.61042,116.42824
4000436,Lombok Utara Kab.,-8.34543,116.17979
4000429,Mataram Kota,-8.57735,116.10124
4000438,Sumbawa Barat Kab.,-8.92631,116.88917
4000437,Sumbawa Kab.,-8.74377,118.11848
4000415,Alor Kab.,-8.21388,124.51799
4000416,Belu Kab.,-9.15144,124.90459
4000412,Ende Kab.,-8.67757,121.71783
4000414,Flores Timur Kab.,-8.32532,123.00236
4000510,Kab. Malaka,-9.53086,124.90655
4000410,Kupang Kab.,-10.183,123.58331
4000411,Kupang Kota,-10.17664,123.60356
4000428,Lembata Kab.,-8.37346,123.39998
4000426,Manggarai  Kab.,-8.61576,120.46857
4000425,Manggarai Barat Kab.,-8.67046,120.0677
4000427,Manggarai Timur Kab.,-8.75641,120.60731
4000409,Nagekeo Kab.,-8.57049,121.28158
4000408,Ngada Kab.,-8.7423,120.99042
4000419,Rote Ndao Kab.,-10.68761,123.11035
4000420,Sabu Raijua Kab.,-10.50292,121.83021
4000413,Sikka Kab.,-8.61696,122.20849
4000421,Sumba Barat Daya Kab.,-9.53992,119.14422
4000422,Sumba Barat Kab.,-9.48678,119.42058
4000423,Sumba Tengah Kab.,-9.48882,119.69775
4000424,Sumba Timur Kab.,-9.65868,120.26594
4000418,Timor Tengah Selatan Kab.,-9.85134,124.2667
4000417,Timor Tengah Utara Kab.,-9.44975,124.59855
4000440,Asmat Kab.,-4.96698,138.87679
4000441,Biak Numfor Kab.,-1.03749,135.97896
4000442,Boven Digoel Kab.,-5.73806,140.33854
4000443,Deiyai Kab.,-4.09748,136.43768
4000444,Dogiyai Kab.,-4.01609,135.9618
4000445,Intan Jaya Kab.,-3.50041,136.74936
4000446,Jayapura Kab.,-2.98792,139.85473
4000439,Jayapura Kota,-2.59206,140.66798
4000447,Jayawijaya Kab.,-4.09745,138.94937
4000448,Keerom Kab.,-2.90634,140.77274
4000449,Lanny Jaya Kab.,-3.9723,138.3144
4000450,Mamberamo Raya Kab.,-2.52268,137.76833
4000451,Mamberamo Tengah Kab.,-2.36902,138.3169
4000452,Mappi Kab.,-6.27589,139.38636
4000453,Merauke Kab.,-8.48482,140.55491
4000454,Mimika Kab.,-4.72237,136.49214
4000455,Nabire Kab.,-3.36876,135.50723
4000456,Nduga Kab.,-4.4005,138.23387
4000457,Paniai Kab.,-3.78242,136.35431
4000458,Pengunungan Bintang Kab.,-4.55898,140.51508
4000460,Puncak Jaya Kab.,-3.44679,137.84273
4000459,Puncak Kab.,-3.79809,137.60338
4000461,Sarmi Kab.,-2.46114,139.19822
4000462,Supiori Kab.,-0.71525,135.5753
4000463,Tolikara Kab.,-3.67081,138.48839
4000464,Waropen Kab.,-2.84335,136.67075
4000465,Yahukimo Kab.,-4.49302,139.51845
4000467,Yalimo Kab.,-3.78371,139.44359
4000466,Yapen Waropen Kab.,-1.86792,136.23873
4000469,Fakfak Kab.,-2.88526,132.26642
4000511,Kab. Pegunungan Arfak,-1.15546,133.71425
4000470,Kaimana Kab.,-3.58573,134.01703
4000471,Manokwari Kab.,-0.89948,134.04056
4000472,Maybrat Kab.,-1.2971,132.3151
4000473,Raja Ampat Kab.,-0.23019,130.51935
4000474,Sorong Kab.,-0.88279,131.2774
4000468,Sorong Kota,-0.88142,131.29508
4000475,Sorong Selatan Kab.,-1.44929,132.01783
4000476,Tambrauw Kab.,-0.49371,132.20669
4000477,Teluk Bintuni Kab.,-1.31529,132.74569
4000478,Teluk Wondama Kab.,-1.90923,134.05861
4000156,Bengkalis Kab.,1.48869,102.18666
4000166,Dumai Kota,1.67837,101.44234
4000157,Indragiri Hilir Kab.,-0.04332,102.99717
4000158,Indragiri Hulu Kab.,-0.73422,102.26133
4000159,Kampar Kab.,0.22694,101.16277
4000160,Kepulauan Meranti Kab.,0.92301,102.66651
4000161,Kuantan Singingi Kab.,-0.39217,101.52031
4000167,Pekanbaru Kota,0.52257,101.44805
4000162,Pelalawan Kab.,0.14756,102.24866
4000164,Rokan Hilir Kab.,1.71934,100.79415
4000163,Rokan Hulu Kab.,1.12115,100.45188
4000165,Siak Kab.,0.84889,101.93475
4000512,Kab. Mamuju Tengah,-1.93541,119.51077
4000281,Majene Kab.,-3.53093,118.97313
4000282,Mamasa Kab.,-2.96054,119.36834
4000283,Mamuju Kab.,-2.72901,118.92949
4000284,Mamuju Utara Kab.,-1.57296,119.50464
4000285,Polewali Mandar Kab.,-3.34102,119.13568
4000286,Bantaeng Kab.,-5.51628,120.02029
4000287,Barru Kab.,-4.41585,119.67386
4000288,Bone Kab.,-4.54001,120.30746
4000289,Bulukumba Kab.,-5.53139,120.19444
4000290,Enrekang Kab.,-3.5519,119.76573
4000291,Gowa Kab.,-5.1936,119.9482
4000292,Jenepronto Kab.,-5.55516,119.82371
4000293,Kepulauan Selayar Kab.,-6.11638,120.46464
4000294,Luwu Kab.,-3.39597,120.3663
4000295,Luwu Timur Kab.,-2.58322,121.08071
4000296,Luwu Utara Kab.,-2.55036,120.33809
4000307,Makassar Kota,-5.14601,119.43586
4000297,Maros Kab.,-4.94663,119.57829
4000308,Palopo Kota,-3.01044,120.20222
4000298,Pangkajene dan Kepulauan Kab.,-4.87256,119.58604
4000309,Pare-Pare Kota,-4.00997,119.62948
4000299,Pinrang Kab.,-3.80657,119.64779
4000300,Sidenreng Rappang Kab.,-3.92835,119.79842
4000301,Sinjai Kab.,-5.11993,120.23513
4000302,Soppeng Kab.,-4.36683,119.8979
4000303,Takalar Kab.,-5.42961,119.43814
4000304,Tana Toraja Kab.,-3.10957,119.85375
4000305,Toraja Utara Kab.,-2.9769,119.8943
4000306,Wajo Kab.,-3.95392,120.26122
4000310,Banggai Kab.,-0.94852,122.61789
4000311,Banggai Kepulauan Kab.,-1.31098,123.29605
4000312,Buol Kab.,1.17245,121.42495
4000313,Donggala Kab.,-0.42307,119.8352
4000513,Kab. Banggai Laut,-1.67345,123.55041
4000314,Morowali Kab.,-2.48006,121.93669
4000320,Palu Kota,-0.90073,119.87946
4000315,Parigi Moutong Kab.,0.46725,120.91781
4000316,Poso Kab.,-1.38426,120.75786
4000319,Sigi Kab.,-1.00126,119.92607
4000317,Tojo Una-una Kab.,-1.35089,121.45386
4000318,Toli-Toli Kab.,0.87996,120.77694
4000331,Bau-Bau Kota,-5.46987,122.59729
4000321,Bombana Kab.,-4.6505,121.89292
4000322,Buton Kab.,-5.45724,122.60829
4000323,Buton Utara Kab.,-4.77998,123.18389
4000514,Kab. Kolaka Timur,-4.22792,121.9018
4000515,Kab. Konawe Kepulauan,-4.13615,123.1239
4000332,Kendari Kota,-3.99635,122.51438
4000324,Kolaka Kab.,-4.06158,121.61666
4000325,Kolaka Utara Kab.,-3.11225,121.17018
4000326,Konawe Kab.,-3.85764,122.04119
4000327,Konawe Selatan Kab.,-4.38324,122.10728
4000328,Konawe Utara Kab.,-3.54409,122.13908
4000329,Muna Kab.,-4.79727,122.71872
4000330,Wakatobi Kab.,-5.34193,123.55034
4000345,Bitung Kota,1.44089,125.12124
4000333,Bolaang Mongondow Kab.,0.69411,124.11276
4000334,Bolaang Mongondow Selatan Kab.,0.40513,123.84092
4000335,Bolaang Mongondow Timur Kab.,0.71771,124.46691
4000336,Bolaang Mongondow Utara Kab.,0.9082,123.26303
4000337,Kepulauan Sangihe Kab.,3.60831,125.50964
4000338,Kepulauan Siau Tagulandang Biaro Kab.,2.34626,125.4122
4000339,Kepulauan Talaud Kab.,4.45714,126.82166
4000346,Kotamobagu Kota,0.72415,124.31982
4000347,Manado Kota,1.4754,124.84116
4000340,Minahasa Kab.,1.31873,124.91037
4000341,Minahasa Selatan Kab.,1.19827,124.58684
4000342,Minahasa Tenggara Kab.,1.02645,124.7298
4000343,Minahasa Utara Kab.,1.53307,124.99546
4000348,Tomohon Kota,1.32386,124.84012
4000137,Agam Kab.,-0.22094,100.17033
4000149,Bukittinggi Kota,-0.30413,100.38331
4000138,Dharmasraya Kab.,-1.10505,101.61799
4000140,Kepulauan Mentawai Kab.,-1.42903,98.93111
4000139,Lima Puluh Kota Kab.,0.07302,100.5339
4000150,Padang Kota,-0.80737,100.32752
4000151,Padang Panjang Kota,-0.46288,100.3989
4000141,Padang Pariaman Kab.,-0.5564,100.21675
4000152,Pariaman Kota,-0.59934,100.13316
4000143,Pasaman Barat Kab.,0.22229,99.63653
4000142,Pasaman Kab.,0.301,100.16809
4000153,Payakumbuh Kota,-0.22503,100.63172
4000144,Pesisir Selatan Kab.,-1.64356,100.88366
4000154,Sawahlunto Kota,-0.89456,100.36593
4000145,Sijunjung Kab.,-0.62815,101.02584
4000146,Solok Kab.,-0.78874,100.65486
4000155,Solok Kota,-0.92875,100.42768
4000147,Solok Selatan Kab.,-1.40564,101.25018
4000148,Tanah Datar Kab.,-0.4657,100.57454
4000355,Banyuasin Kab.,-2.14332,104.74622
4000356,Empat Lawang Kab.,-3.72796,102.8915
4000516,Kab. Musi Rawas Utara,-2.78776,102.71351
4000517,Kab. Penukal Abab Lematang Ilir,-3.23983,104.00723
4000357,Lahat Kab.,-3.78569,103.54051
4000366,Lubuklinggau Kota,-3.29913,102.85789
4000358,Muara Enim Kab.,-3.64967,103.77133
4000359,Musi Banyuasin Kab.,-2.89028,103.84196
4000360,Musi Rawas Kab.,-3.23335,103.0126
4000361,Ogan Ilir Kab.,-3.20566,104.6537
4000362,Ogan Komering Ilir Kab.,-3.46196,105.21742
4000363,Ogan Komering Ulu Kab.,-4.02554,104.00071
4000364,Ogan Komering Ulu Selatan Kab.,-4.67305,104.00544
4000365,Ogan Komering Ulu Timur Kab.,-3.85832,104.74602
4000367,Pagar Alam Kota,-4.04117,103.2309
4000368,Palembang Kota,-2.97828,104.77086
4000369,Prabumulih Kota,-3.42136,104.24372
4000104,Asahan Kab.,2.9849,99.61209
4000105,Batubara Kab.,3.1741,99.50061
4000129,Binjai Kota,3.59529,98.47033
4000106,Dairi Kab.,2.75334,98.30931
4000107,Deli Serdang Kab.,3.54834,98.86936
4000130,Gunung Sitoli Kota,1.27927,97.60738
4000108,Humbang Hasundutan Kab.,2.28841,98.71344
4000109,Karo Kab.,3.4111,98.23975
4000110,Labuhanbatu Kab.,2.09483,99.84563
4000111,Labuhanbatu Selatan Kab.,1.76645,100.25201
4000112,Labuhanbatu Utara Kab.,2.17507,99.72782
4000113,Langkat Kab.,3.86539,98.30884
4000114,Mandailing Natal Kab.,0.55711,99.12214
4000131,Medan Kota,3.56306,98.69567
4000116,Nias Barat Kab.,1.12537,97.53018
4000115,Nias Kab.,1.1238,97.52659
4000117,Nias Selatan Kab.,0.70861,97.82864
4000118,Nias Utara Kab.,1.32251,97.386
4000119,Padang Lawas Kab.,1.12358,99.80966
4000132,Padang Sidempuan Kota,1.37223,99.27274
4000133,Pematangsiantar Kota,2.96531,99.06289
4000122,Samosir Kab.,2.6467,98.79346
4000123,Serdang Bedagai Kab.,3.33494,99.05243
4000134,Sibolga Kota,1.73701,98.7797
4000124,Simalungun Kab.,2.97664,99.27305
4000135,Tanjung Balai Kota,2.95847,99.80058
4000125,Tapanuli Selatan Kab.,1.64709,99.27248
4000126,Tapanuli Tengah Kab.,1.85003,98.70306
4000127,Tapanuli Utara Kab.,2.07541,99.09961
4000136,Tebing Tinggi Kota,3.32871,99.15932
4000128,Toba Samosir Kab.,2.35537,99.27991
4000068,Bantul Kab.,-7.87495,110.32415
4000069,Gunung Kidul Kab.,-7.97265,110.58407
4000070,Kulon Progo Kab.,-7.85618,110.16502
4000071,Sleman Kab.,-7.71514,110.33519
4000072,Yogyakarta Kota,-7.80067,110.37611
